Workbook

Sheet Cota
B1: Fecha | C1: Hora | D1: Temperatura ambiente (°C) | E1: Velocidad del viento | F1: Humedad ambiente | G1: Temperatura interna (°C) | H1: Temperatura interna Kelvin | I1: Volumen (gl) | J1: Descargue combustible | K1: Ventas diarias (gl) | L1: Diámetro del tanque (in) | M1: Presión hidrostática p=p*g*h (pa) | N1: Presión hidrostática (kPa) | O1: Presión por libra cuadrada (Psi) | P1: Emisión de vapor (kg/día) - Respiración COV | Q1: Valor faltante o sobrante diario (gl) - Según fórmula | R1: Emisión de vapor (kg/día) - Trabajo en el tanque COV | S1: Valor faltante o sobrante diario (gl) - Según fórmula | T1: Pérdidas totales de emisión de vapor (kg/día) COV | U1: COV convertir a kg de CO2 | V1: Sumatoria valor faltante o sobrante diario (gl) - Según fórmulas | W1: Valor faltante o sobrante diario (gl) - Según eds | X1: Presión de Sat de Octano MmHg | Y1: Presión de Sat de n- Heptano | Z1: Presión de Sat de Tolueno | AC1: Sustancia | AD1: Constante A | AE1: Constante B | AF1: Constante C | AG1: Gravedad
B2: 45908 | C2: 0 | D2: 11 | E2: 4 Km/h | F2: 0.9 | G2: 19 | H2: =D2+273 -> 284 | I2: 7502 | J2: 0 | K2: 2734.05 | L2: 90.9 in | M2: ='Densidad según T'!C17*Cota!$AG$2*1.374 -> 9936.6746 | N2: =M2/1000 -> 9.9366746 | O2: =N2*0.145038 -> 1.4411954 | P2: =((4.137*1.234)*('Masa de vapor - Cota'!C2)*'Masa de vapor - Cota'!F2*'Masa de vapor - Cota'!I2*1)/10 -> 0.0120736 | Q2: =(P2/0.74)/3.785 -> 0.0043106145 | R2: =(J17*3.785)*1*1*'Masa de vapor - Cota'!I2*1/1000 -> 0 | S2: =(R2/0.74)/3.785 -> 0 | T2: =P2+R2 -> 0.0120736 | U2: =T2*0.84*(44/12) -> 0.037186689 | V2: =Q2+S2 -> 0.0043106145 | W2: -5 | X2: =10^($AD$4-$AE$4/(D2+$AF$4)) -> 37.606001 | Y2: =10^($AD$2-$AE$2/(D2+$AF$2)) -> 21.859875 | Z2: =10^($AD$3-$AE$3/(D2+$AF$3)) -> 13.167725 | AC2: n-Heptano | AD2: 6.8939 | AE2: 1264.37 | AF2: 216.64 | AG2: 9.81
B3: 45908 | C3: 0.041666667 | D3: 11 | E3: 4 Km/h | F3: 0.91 | G3: 20 | H3: =D3+273 -> 284 | I3: 7483 | J3: 0 | L3: 90.9 in | M3: ='Densidad según T'!C18*Cota!$AG$2*1.372 -> 9912.7892 | N3: =M3/1000 -> 9.9127892 | O3: =N3*0.145038 -> 1.4377311 | X3: =10^($AD$4-$AE$4/(D3+$AF$4)) -> 37.606001 | Y3: =10^($AD$2-$AE$2/(D3+$AF$2)) -> 21.859875 | Z3: =10^($AD$3-$AE$3/(D3+$AF$3)) -> 13.167725 | AC3: Tolueno | AD3: 6.9509 | AE3: 1342.31 | AF3: 219.187
B4: 45908 | C4: 0.083333333 | D4: 10 | E4: 4 Km/h | F4: 0.96 | G4: 20 | H4: =D4+273 -> 283 | I4: 7469 | J4: 0 | L4: 90.9 in | M4: ='Densidad según T'!C18*Cota!$AG$2*1.368 -> 9883.8889 | N4: =M4/1000 -> 9.8838889 | O4: =N4*0.145038 -> 1.4335395 | X4: =10^($AD$4-$AE$4/(D4+$AF$4)) -> 36.554336 | Y4: =10^($AD$2-$AE$2/(D4+$AF$2)) -> 20.660496 | Z4: =10^($AD$3-$AE$3/(D4+$AF$3)) -> 12.418437 | AC4: n-Octano | AD4: 1.7113 | AE4: 1.6385 | AF4: 1.044
B5: 45908 | C5: 0.125 | D5: 10 | E5: 4 Km/h | F5: 0.96 | G5: 20 | H5: =D5+273 -> 283 | I5: 7458 | J5: 0 | L5: 90.9 in | M5: ='Densidad según T'!C18*Cota!$AG$2*1.368 -> 9883.8889 | N5: =M5/1000 -> 9.8838889 | O5: =N5*0.145038 -> 1.4335395 | X5: =10^($AD$4-$AE$4/(D5+$AF$4)) -> 36.554336 | Y5: =10^($AD$2-$AE$2/(D5+$AF$2)) -> 20.660496 | Z5: =10^($AD$3-$AE$3/(D5+$AF$3)) -> 12.418437
B6: 45908 | C6: 0.16666667 | D6: 10 | E6: 4 Km/h | F6: 0.96 | G6: 20 | H6: =D6+273 -> 283 | I6: 7437 | J6: 0 | L6: 90.9 in | M6: ='Densidad según T'!C18*Cota!$AG$2*1.364 -> 9854.9887 | N6: =M6/1000 -> 9.8549887 | O6: =N6*0.145038 -> 1.4293478 | X6: =10^($AD$4-$AE$4/(D6+$AF$4)) -> 36.554336 | Y6: =10^($AD$2-$AE$2/(D6+$AF$2)) -> 20.660496 | Z6: =10^($AD$3-$AE$3/(D6+$AF$3)) -> 12.418437
B7: 45908 | C7: 0.20833333 | D7: 9 | E7: 4 Km/h | F7: 1 | G7: 20 | H7: =D7+273 -> 282 | I7: 7383 | J7: 0 | L7: 90.9 in | M7: ='Densidad según T'!C18*Cota!$AG$2*1.356 -> 9797.1881 | N7: =M7/1000 -> 9.7971881 | O7: =N7*0.145038 -> 1.4209646 | X7: =10^($AD$4-$AE$4/(D7+$AF$4)) -> 35.331964 | Y7: =10^($AD$2-$AE$2/(D7+$AF$2)) -> 19.517158 | Z7: =10^($AD$3-$AE$3/(D7+$AF$3)) -> 11.705774
B8: 45908 | C8: 0.25 | D8: 8 | E8: 4 Km/h | F8: 0.97 | G8: 19 | H8: =D8+273 -> 281 | I8: 7193 | J8: 0 | L8: 90.9 in | M8: ='Densidad según T'!C17*Cota!$AG$2*1.326 -> 9589.5418 | N8: =M8/1000 -> 9.5895418 | O8: =N8*0.145038 -> 1.390848 | X8: =10^($AD$4-$AE$4/(D8+$AF$4)) -> 33.894573 | Y8: =10^($AD$2-$AE$2/(D8+$AF$2)) -> 18.427749 | Z8: =10^($AD$3-$AE$3/(D8+$AF$3)) -> 11.028269
B9: 45908 | C9: 0.29166667 | D9: 11 | E9: 6 Km/h | F9: 0.92 | G9: 20 | H9: =D9+273 -> 284 | I9: 6906 | J9: 0 | L9: 90.9 in | M9: ='Densidad según T'!C18*Cota!$AG$2*1.282 -> 9262.5333 | N9: =M9/1000 -> 9.2625333 | O9: =N9*0.145038 -> 1.3434193 | X9: =10^($AD$4-$AE$4/(D9+$AF$4)) -> 37.606001 | Y9: =10^($AD$2-$AE$2/(D9+$AF$2)) -> 21.859875 | Z9: =10^($AD$3-$AE$3/(D9+$AF$3)) -> 13.167725
B10: 45908 | C10: 0.33333333 | D10: 13 | E10: 7 Km/h | F10: 0.8 | G10: 20 | H10: =D10+273 -> 286 | I10: 6662 | J10: 0 | L10: 90.9 in | M10: ='Densidad según T'!C18*Cota!$AG$2*1.244 -> 8987.9809 | N10: =M10/1000 -> 8.9879809 | O10: =N10*0.145038 -> 1.3035988 | X10: =10^($AD$4-$AE$4/(D10+$AF$4)) -> 39.32158 | Y10: =10^($AD$2-$AE$2/(D10+$AF$2)) -> 24.4355 | Z10: =10^($AD$3-$AE$3/(D10+$AF$3)) -> 14.78226
B11: 45908 | C11: 0.375 | D11: 15 | E11: 9 Km/h | F11: 0.7 | G11: 20 | H11: =D11+273 -> 288 | I11: 6363 | J11: 0 | L11: 90.9 in | M11: ='Densidad según T'!C18*Cota!$AG$2*1.2 -> 8670.078 | N11: =M11/1000 -> 8.670078 | O11: =N11*0.145038 -> 1.2574908 | X11: =10^($AD$4-$AE$4/(D11+$AF$4)) -> 40.660676 | Y11: =10^($AD$2-$AE$2/(D11+$AF$2)) -> 27.26211 | Z11: =10^($AD$3-$AE$3/(D11+$AF$3)) -> 16.562009
B12: 45908 | C12: 0.41666667 | D12: 17 | E12: 9 Km/h | F12: 0.62 | G12: 20 | H12: =D12+273 -> 290 | I12: 6181 | J12: 0 | L12: 90.9 in | M12: ='Densidad según T'!C18*Cota!$AG$2*1.172 -> 8467.7762 | N12: =M12/1000 -> 8.4677762 | O12: =N12*0.145038 -> 1.2281493 | X12: =10^($AD$4-$AE$4/(D12+$AF$4)) -> 41.734402 | Y12: =10^($AD$2-$AE$2/(D12+$AF$2)) -> 30.358747 | Z12: =10^($AD$3-$AE$3/(D12+$AF$3)) -> 18.520343
B13: 45908 | C13: 0.45833333 | D13: 18 | E13: 11 Km/h | F13: 0.56 | G13: 21 | H13: =D13+273 -> 291 | I13: 6003 | J13: 0 | L13: 90.9 in | M13: ='Densidad según T'!C19*Cota!$AG$2*1.146 -> 8272.0549 | N13: =M13/1000 -> 8.2720549 | O13: =N13*0.145038 -> 1.1997623 | X13: =10^($AD$4-$AE$4/(D13+$AF$4)) -> 42.195137 | Y13: =10^($AD$2-$AE$2/(D13+$AF$2)) -> 32.014544 | Z13: =10^($AD$3-$AE$3/(D13+$AF$3)) -> 19.570867
B14: 45908 | C14: 0.5 | D14: 19 | E14: 13 Km/h | F14: 0.53 | G14: 21 | H14: =D14+273 -> 292 | I14: 5906 | J14: 0 | L14: 90.9 in | M14: ='Densidad según T'!C19*Cota!$AG$2*1.13 -> 8156.5637 | N14: =M14/1000 -> 8.1565637 | O14: =N14*0.145038 -> 1.1830117 | X14: =10^($AD$4-$AE$4/(D14+$AF$4)) -> 42.614249 | Y14: =10^($AD$2-$AE$2/(D14+$AF$2)) -> 33.745437 | Z14: =10^($AD$3-$AE$3/(D14+$AF$3)) -> 20.671402
B15: 45908 | C15: 0.54166667 | D15: 18 | E15: 13 Km/h | F15: 0.58 | G15: 21 | H15: =D15+273 -> 291 | I15: 5822 | J15: 0 | L15: 90.9 in | M15: ='Densidad según T'!C19*Cota!$AG$2*1.118 -> 8069.9454 | N15: =M15/1000 -> 8.0699454 | O15: =N15*0.145038 -> 1.1704487 | X15: =10^($AD$4-$AE$4/(D15+$AF$4)) -> 42.195137 | Y15: =10^($AD$2-$AE$2/(D15+$AF$2)) -> 32.014544 | Z15: =10^($AD$3-$AE$3/(D15+$AF$3)) -> 19.570867
B16: 45908 | C16: 0.58333333 | D16: 18 | E16: 13 Km/h | F16: 0.58 | G16: 21 | H16: =D16+273 -> 291 | I16: 5743 | J16: 0 | L16: 90.9 in | M16: ='Densidad según T'!C19*Cota!$AG$2*1.09 -> 7867.8358 | N16: =M16/1000 -> 7.8678358 | O16: =N16*0.145038 -> 1.1411352 | X16: =10^($AD$4-$AE$4/(D16+$AF$4)) -> 42.195137 | Y16: =10^($AD$2-$AE$2/(D16+$AF$2)) -> 32.014544 | Z16: =10^($AD$3-$AE$3/(D16+$AF$3)) -> 19.570867
B17: 45908 | C17: 0.625 | D17: 18 | E17: 11 Km/h | F17: 0.59 | G17: 21 | H17: =D17+273 -> 291 | I17: 5681 | J17: 0 | L17: 90.9 in | M17: ='Densidad según T'!C19*Cota!$AG$2*1.096 -> 7911.145 | N17: =M17/1000 -> 7.911145 | O17: =N17*0.145038 -> 1.1474166 | X17: =10^($AD$4-$AE$4/(D17+$AF$4)) -> 42.195137 | Y17: =10^($AD$2-$AE$2/(D17+$AF$2)) -> 32.014544 | Z17: =10^($AD$3-$AE$3/(D17+$AF$3)) -> 19.570867
B18: 45908 | C18: 0.66666667 | D18: 18 | E18: 11 Km/h | F18: 0.61 | G18: 21 | H18: =D18+273 -> 291 | I18: 5639 | J18: 0 | L18: 90.9 in | M18: ='Densidad según T'!C19*Cota!$AG$2*1.09 -> 7867.8358 | N18: =M18/1000 -> 7.8678358 | O18: =N18*0.145038 -> 1.1411352 | X18: =10^($AD$4-$AE$4/(D18+$AF$4)) -> 42.195137 | Y18: =10^($AD$2-$AE$2/(D18+$AF$2)) -> 32.014544 | Z18: =10^($AD$3-$AE$3/(D18+$AF$3)) -> 19.570867
B19: 45908 | C19: 0.70833333 | D19: 17 | E19: 9 Km/h | F19: 0.66 | G19: 21 | H19: =D19+273 -> 290 | I19: 5533 | J19: 0 | L19: 90.9 in | M19: ='Densidad según T'!C19*Cota!$AG$2*1.074 -> 7752.3447 | N19: =M19/1000 -> 7.7523447 | O19: =N19*0.145038 -> 1.1243846 | X19: =10^($AD$4-$AE$4/(D19+$AF$4)) -> 41.734402 | Y19: =10^($AD$2-$AE$2/(D19+$AF$2)) -> 30.358747 | Z19: =10^($AD$3-$AE$3/(D19+$AF$3)) -> 18.520343
B20: 45908 | C20: 0.75 | D20: 15 | E20: 9 Km/h | F20: 0.73 | G20: 20 | H20: =D20+273 -> 288 | I20: 5414 | J20: 0 | L20: 90.9 in | M20: ='Densidad según T'!C18*Cota!$AG$2*1.056 -> 7629.6686 | N20: =M20/1000 -> 7.6296686 | O20: =N20*0.145038 -> 1.1065919 | X20: =10^($AD$4-$AE$4/(D20+$AF$4)) -> 40.660676 | Y20: =10^($AD$2-$AE$2/(D20+$AF$2)) -> 27.26211 | Z20: =10^($AD$3-$AE$3/(D20+$AF$3)) -> 16.562009
B21: 45908 | C21: 0.79166667 | D21: 14 | E21: 7 Km/h | F21: 0.8 | G21: 20 | H21: =D21+273 -> 287 | I21: 5325 | J21: 0 | L21: 90.9 in | M21: ='Densidad según T'!C18*Cota!$AG$2*1.042 -> 7528.5177 | N21: =M21/1000 -> 7.5285177 | O21: =N21*0.145038 -> 1.0919212 | X21: =10^($AD$4-$AE$4/(D21+$AF$4)) -> 40.030051 | Y21: =10^($AD$2-$AE$2/(D21+$AF$2)) -> 25.816265 | Z21: =10^($AD$3-$AE$3/(D21+$AF$3)) -> 15.650665
B22: 45908 | C22: 0.83333333 | D22: 14 | E22: 6 Km/h | F22: 0.84 | G22: 20 | H22: =D22+273 -> 287 | I22: 5231 | J22: 0 | L22: 90.9 in | M22: ='Densidad según T'!C18*Cota!$AG$2*1.028 -> 7427.3668 | N22: =M22/1000 -> 7.4273668 | O22: =N22*0.145038 -> 1.0772504 | X22: =10^($AD$4-$AE$4/(D22+$AF$4)) -> 40.030051 | Y22: =10^($AD$2-$AE$2/(D22+$AF$2)) -> 25.816265 | Z22: =10^($AD$3-$AE$3/(D22+$AF$3)) -> 15.650665
B23: 45908 | C23: 0.875 | D23: 13 | E23: 6 Km/h | F23: 0.87 | G23: 20 | H23: =D23+273 -> 286 | I23: 5137 | J23: 0 | L23: 90.9 in | M23: ='Densidad según T'!C18*Cota!$AG$2*1.014 -> 7326.2159 | N23: =M23/1000 -> 7.3262159 | O23: =N23*0.145038 -> 1.0625797 | X23: =10^($AD$4-$AE$4/(D23+$AF$4)) -> 39.32158 | Y23: =10^($AD$2-$AE$2/(D23+$AF$2)) -> 24.4355 | Z23: =10^($AD$3-$AE$3/(D23+$AF$3)) -> 14.78226
B24: 45908 | C24: 0.91666667 | D24: 12 | E24: 6 Km/h | F24: 0.88 | G24: 20 | H24: =D24+273 -> 285 | I24: 5010 | J24: 0 | L24: 90.9 in | M24: ='Densidad según T'!C18*Cota!$AG$2*0.994 -> 7181.7146 | N24: =M24/1000 -> 7.1817146 | O24: =N24*0.145038 -> 1.0416215 | X24: =10^($AD$4-$AE$4/(D24+$AF$4)) -> 38.520037 | Y24: =10^($AD$2-$AE$2/(D24+$AF$2)) -> 23.117467 | Z24: =10^($AD$3-$AE$3/(D24+$AF$3)) -> 13.955147
B25: 45938 | C25: 0.95833333 | D25: 11 | E25: 4 Km/h | F25: 0.9 | G25: 19 | H25: =D25+273 -> 284 | I25: 4756 | J25: 0 | L25: 90.9 in | M25: ='Densidad según T'!C17*Cota!$AG$2*0.954 -> 6899.2631 | N25: =M25/1000 -> 6.8992631 | O25: =N25*0.145038 -> 1.0006553 | X25: =10^($AD$4-$AE$4/(D25+$AF$4)) -> 37.606001 | Y25: =10^($AD$2-$AE$2/(D25+$AF$2)) -> 21.859875 | Z25: =10^($AD$3-$AE$3/(D25+$AF$3)) -> 13.167725

Sheet Masa de vapor - Cota
B1: Día | C1: Masa de vapor | E1: Día | F1: Ke | H1: Día | I1: Wv
B2: 8 | C2: {=AVERAGE((Cota!M2:M25)*0.105)/(8314+(AVERAGE(Cota!H2:H25)))} -> 0.10384012 | E2: 8 | F2: =Cota!K2/AVERAGE(Cota!I2:I25) -> 0.43968453 | H2: 8 | I2: 0.518

Sheet Densidad según T
B2: Temperatura (°C) | C2: Densidad (kg/m³) | D2: GE | E2: API
B3: 5 | C3: 747 | D3: =C3/1000 -> 0.747 | E3: =(141.5/D3)-131.5 -> 57.924364
B4: 6 | C4: 746.3 | D4: =C4/1000 -> 0.7463 | E4: =(141.5/D4)-131.5 -> 58.102037
B5: 7 | C5: 745.6 | D5: =C5/1000 -> 0.7456 | E5: =(141.5/D5)-131.5 -> 58.280043
B6: 8 | C6: 744.9 | D6: =C6/1000 -> 0.7449 | E6: =(141.5/D6)-131.5 -> 58.458384
B7: 9 | C7: 744.2 | D7: =C7/1000 -> 0.7442 | E7: =(141.5/D7)-131.5 -> 58.63706
B8: 10 | C8: 743.5 | D8: =C8/1000 -> 0.7435 | E8: =(141.5/D8)-131.5 -> 58.816073
B9: 11 | C9: 742.8 | D9: =C9/1000 -> 0.7428 | E9: =(141.5/D9)-131.5 -> 58.995423
B10: 12 | C10: 742.1 | D10: =C10/1000 -> 0.7421 | E10: =(141.5/D10)-131.5 -> 59.175111
B11: 13 | C11: 741.4 | D11: =C11/1000 -> 0.7414 | E11: =(141.5/D11)-131.5 -> 59.355139
B12: 14 | C12: 740.7 | D12: =C12/1000 -> 0.7407 | E12: =(141.5/D12)-131.5 -> 59.535507
B13: 15 | C13: 740 | D13: =C13/1000 -> 0.74 | E13: =(141.5/D13)-131.5 -> 59.716216
B14: 16 | C14: 739.3 | D14: =C14/1000 -> 0.7393 | E14: =(141.5/D14)-131.5 -> 59.897268
... B27: 29 | C27: 730.2 | D27: =C27/1000 -> 0.7302 | E27: =(141.5/D27)-131.5 -> 62.282525
